timestamp,steps_count
2025-11-01 06:06:23,10
2025-11-01 06:17:00,5
2025-11-01 06:21:03,6
2025-11-01 06:26:17,7
2025-11-01 06:32:51,10
2025-11-01 06:40:48,14
2025-11-01 06:45:43,13
2025-11-01 06:48:34,8
2025-11-01 06:53:28,11
2025-11-01 06:58:57,4
2025-11-01 07:08:46,3
2025-11-01 07:18:42,12
2025-11-01 07:29:27,15
2025-11-01 07:40:33,170
2025-11-01 07:50:50,9
2025-11-01 07:51:27,15
2025-11-01 07:59:11,9
2025-11-01 08:10:39,6
2025-11-01 08:13:46,10
2025-11-01 08:22:11,7
2025-11-01 08:30:34,164
2025-11-01 08:34:53,14
2025-11-01 08:43:07,14
2025-11-01 08:53:15,148
2025-11-01 09:03:06,15
2025-11-01 09:10:41,15
2025-11-01 09:15:33,138
2025-11-01 09:18:09,14
2025-11-01 09:25:04,12
2025-11-01 09:26:11,162
2025-11-01 09:29:12,139
2025-11-01 09:38:28,9
2025-11-01 09:44:48,164
2025-11-01 09:56:06,6
2025-11-01 09:58:25,11
2025-11-01 10:09:55,148
2025-11-01 10:16:53,9
2025-11-01 10:23:14,3
2025-11-01 10:26:54,154
2025-11-01 10:29:22,9
2025-11-01 10:39:56,9
2025-11-01 10:49:20,12
2025-11-01 10:50:07,9
2025-11-01 10:59:17,10
2025-11-01 11:03:12,7
2025-11-01 11:05:04,12
2025-11-01 11:05:37,9
2025-11-01 11:09:44,9
2025-11-01 11:11:45,11
2025-11-01 11:15:12,10
2025-11-01 11:16:19,6
2025-11-01 11:17:53,151
2025-11-01 11:23:05,9
2025-11-01 11:29:48,10
2025-11-01 11:39:04,12
2025-11-01 11:41:21,9
2025-11-01 11:50:19,171
2025-11-01 11:59:17,8
2025-11-01 12:09:39,5
2025-11-01 12:18:15,7
2025-11-01 12:21:17,12
2025-11-01 12:25:32,8
2025-11-01 12:27:30,5
2025-11-01 12:38:57,7
2025-11-01 12:44:17,8
2025-11-01 12:54:49,11
2025-11-01 12:59:39,5
2025-11-01 13:07:49,12
2025-11-01 13:10:40,12
2025-11-01 13:13:04,163
2025-11-01 13:17:48,153
2025-11-01 13:28:39,143
2025-11-01 13:39:56,162
2025-11-01 13:46:21,7
2025-11-01 13:49:55,155
2025-11-01 13:54:58,6
2025-11-01 13:56:14,9
2025-11-01 13:57:46,7
2025-11-01 14:02:39,152
2025-11-01 14:05:50,11
2025-11-01 14:11:37,9
2025-11-01 14:20:32,11
2025-11-01 14:24:25,12
2025-11-01 14:27:41,10
2025-11-01 14:38:49,9
2025-11-01 14:44:18,8
2025-11-01 14:50:01,15
2025-11-01 14:55:01,3
2025-11-01 15:00:58,7
2025-11-01 15:01:32,10
2025-11-01 15:04:25,7
2025-11-01 15:07:31,10
2025-11-01 15:12:58,183
2025-11-01 15:20:59,11
2025-11-01 15:30:07,15
2025-11-01 15:38:50,11
2025-11-01 15:43:10,132
2025-11-01 15:53:11,155
2025-11-01 16:04:36,11
2025-11-01 16:14:00,7
2025-11-01 16:18:21,8
2025-11-01 16:26:29,10
2025-11-01 16:35:50,4
2025-11-01 16:37:31,8
2025-11-01 16:47:13,160
2025-11-01 16:53:52,14
2025-11-01 16:58:01,5
2025-11-01 17:04:05,150
2025-11-01 17:04:52,20
2025-11-01 17:06:13,131
2025-11-01 17:14:29,12
2025-11-01 17:18:29,8
2025-11-01 17:24:22,5
2025-11-01 17:35:58,158
2025-11-01 17:46:11,6
2025-11-01 17:49:35,13
2025-11-01 17:53:33,11
2025-11-01 17:55:29,5
2025-11-01 18:03:49,4
2025-11-01 18:13:47,13
2025-11-01 18:19:36,7
2025-11-01 18:30:45,131
2025-11-01 18:38:21,12
2025-11-01 18:41:55,8
2025-11-01 18:45:33,11
2025-11-01 18:48:51,169
2025-11-01 18:54:43,11
2025-11-01 19:02:15,150
2025-11-01 19:10:17,9
2025-11-01 19:13:14,13
2025-11-01 19:23:33,10
2025-11-01 19:29:54,8
2025-11-01 19:40:13,143
2025-11-01 19:43:56,10
2025-11-01 19:52:18,13
2025-11-01 20:03:32,9
2025-11-01 20:07:02,5
2025-11-01 20:15:56,134
2025-11-01 20:18:24,10
2025-11-01 20:29:31,11
2025-11-01 20:34:18,10
2025-11-01 20:36:13,154
2025-11-01 20:46:17,12
2025-11-01 20:51:08,13
2025-11-01 20:58:27,9
2025-11-01 21:06:30,7
2025-11-01 21:18:02,10
2025-11-01 21:20:03,9
2025-11-01 21:23:18,5
2025-11-01 21:27:59,13
2025-11-01 21:35:19,7
2025-11-01 21:37:54,9
2025-11-01 21:38:44,21
2025-11-01 21:43:56,9
2025-11-01 21:54:47,12
2025-11-01 22:01:49,141
2025-11-01 22:09:35,10
2025-11-01 22:16:47,151
2025-11-01 22:21:34,20
2025-11-01 22:33:11,141
2025-11-01 22:40:22,3
2025-11-01 22:41:32,11
2025-11-01 22:42:39,10
2025-11-01 22:43:19,13
2025-11-01 22:49:46,12
2025-11-01 23:00:01,10
2025-11-01 23:08:51,13
2025-11-01 23:18:22,11
2025-11-01 23:20:54,138
2025-11-01 23:24:43,153
2025-11-01 23:25:55,13
2025-11-01 23:28:57,12
2025-11-01 23:30:43,174
2025-11-01 23:37:40,15
2025-11-01 23:44:54,135
2025-11-01 23:46:43,16
2025-11-01 23:52:15,125
2025-11-01 23:57:24,7
2025-11-01 23:58:19,12
2025-11-02 00:01:48,14
2025-11-02 00:10:39,11
2025-11-02 00:16:57,145
2025-11-02 00:27:12,12
2025-11-02 00:34:59,12
2025-11-02 00:38:12,6
2025-11-02 00:46:42,165
2025-11-02 00:57:19,10
2025-11-02 00:59:21,7
2025-11-02 01:07:57,11
2025-11-02 01:10:31,6
2025-11-02 01:19:03,10
2025-11-02 01:20:29,11
2025-11-02 01:22:45,20
2025-11-02 01:25:20,12
2025-11-02 01:33:27,142
2025-11-02 01:45:00,11
2025-11-02 01:47:24,11
2025-11-02 01:53:38,15
2025-11-02 02:00:53,6
2025-11-02 02:04:47,129
2025-11-02 02:11:49,7
2025-11-02 02:18:12,9
2025-11-02 02:29:16,12
2025-11-02 02:40:09,8
2025-11-02 02:48:50,15
2025-11-02 02:54:50,17
2025-11-02 02:56:46,10
2025-11-02 03:01:25,8
2025-11-02 03:05:53,9
2025-11-02 03:08:56,4
2025-11-02 03:13:08,7
2025-11-02 03:20:43,12
2025-11-02 03:25:49,9
2025-11-02 03:28:34,10
2025-11-02 03:37:57,154
2025-11-02 03:43:56,151
2025-11-02 03:49:41,5
2025-11-02 03:58:07,10
2025-11-02 04:09:44,4
2025-11-02 04:12:14,12
2025-11-02 04:23:03,10
2025-11-02 04:24:36,7
2025-11-02 04:30:54,4
2025-11-02 04:40:58,11
2025-11-02 04:42:12,11
2025-11-02 04:48:42,154
2025-11-02 04:49:32,13
2025-11-02 04:54:52,7
2025-11-02 04:57:34,9
2025-11-02 05:00:52,6
2025-11-02 05:03:58,9
2025-11-02 05:14:32,17
2025-11-02 05:19:41,13
2025-11-02 05:29:32,11
2025-11-02 05:38:03,13
2025-11-02 05:41:01,14
2025-11-02 05:48:52,145
2025-11-02 05:58:08,11
2025-11-02 06:01:27,10
2025-11-02 06:08:53,4
2025-11-02 06:15:08,13
2025-11-02 06:17:51,6
2025-11-02 06:20:56,9
2025-11-02 06:24:25,18
2025-11-02 06:33:47,160
2025-11-02 06:42:14,12
2025-11-02 06:44:25,15
2025-11-02 06:46:23,10
2025-11-02 06:47:09,9
2025-11-02 06:48:28,133
2025-11-02 06:49:43,7
2025-11-02 07:00:13,8
2025-11-02 07:11:03,6
2025-11-02 07:14:09,10
2025-11-02 07:20:20,16
2025-11-02 07:26:36,8
2025-11-02 07:36:31,12
2025-11-02 07:40:12,11
2025-11-02 07:51:20,12
2025-11-02 07:56:17,11
2025-11-02 08:03:51,9
2025-11-02 08:08:12,11
2025-11-02 08:17:53,7
2025-11-02 08:27:26,10
2025-11-02 08:34:18,10
2025-11-02 08:44:21,8
2025-11-02 08:49:31,7
2025-11-02 08:58:37,149
2025-11-02 09:01:19,9
2025-11-02 09:07:35,13
2025-11-02 09:17:13,8
2025-11-02 09:24:49,6
2025-11-02 09:29:12,9
2025-11-02 09:30:01,10
2025-11-02 09:37:13,11
2025-11-02 09:48:05,150
2025-11-02 09:58:16,138
2025-11-02 10:06:01,6
2025-11-02 10:09:06,153
2025-11-02 10:12:01,151
2025-11-02 10:13:56,15
2025-11-02 10:23:10,153
2025-11-02 10:31:17,11
2025-11-02 10:37:38,7
2025-11-02 10:40:15,7
2025-11-02 10:47:19,19
2025-11-02 10:51:13,6
2025-11-02 10:53:11,13
2025-11-02 10:59:36,17
2025-11-02 11:09:44,15
2025-11-02 11:20:11,155
2025-11-02 11:21:32,160
2025-11-02 11:22:39,13
2025-11-02 11:25:55,142
2025-11-02 11:26:26,10
2025-11-02 11:32:19,13
2025-11-02 11:37:46,141
2025-11-02 11:42:17,166
2025-11-02 11:53:39,5
2025-11-02 11:54:40,11
2025-11-02 11:56:19,178
2025-11-02 12:04:53,4
2025-11-02 12:14:14,9
2025-11-02 12:19:12,124
2025-11-02 12:24:16,11
2025-11-02 12:35:38,164
2025-11-02 12:36:41,17
2025-11-02 12:42:55,9
2025-11-02 12:51:41,9
2025-11-02 12:53:42,15
2025-11-02 12:54:15,9
2025-11-02 13:03:03,14
2025-11-02 13:12:08,11
2025-11-02 13:13:24,7
2025-11-02 13:18:21,6
2025-11-02 13:23:28,9
2025-11-02 13:26:50,21
2025-11-02 13:36:45,5
2025-11-02 13:42:26,9
2025-11-02 13:53:56,7
2025-11-02 14:00:06,12
2025-11-02 14:09:28,137
2025-11-02 14:15:36,14
2025-11-02 14:26:20,3
2025-11-02 14:37:02,10
2025-11-02 14:39:10,8
2025-11-02 14:46:55,5
2025-11-02 14:57:12,9
2025-11-02 14:59:34,164
2025-11-02 15:03:42,151
2025-11-02 15:11:39,158
2025-11-02 15:17:11,14
2025-11-02 15:24:59,7
2025-11-02 15:35:34,15
2025-11-02 15:43:09,190
2025-11-02 15:51:54,9
2025-11-02 15:57:32,10
2025-11-02 16:01:15,11
2025-11-02 16:10:59,142
2025-11-02 16:20:17,13
2025-11-02 16:21:33,150
2025-11-02 16:32:06,7
2025-11-02 16:33:29,13
2025-11-02 16:39:02,11
2025-11-02 16:40:19,8
2025-11-02 16:42:01,158
2025-11-02 16:50:20,13
2025-11-02 16:56:46,148
2025-11-02 16:58:50,148
2025-11-02 17:02:36,8
2025-11-02 17:09:54,10
2025-11-02 17:13:45,153
2025-11-02 17:17:38,149
2025-11-02 17:21:53,6
2025-11-02 17:29:09,12
2025-11-02 17:39:23,159
2025-11-02 17:45:13,10
2025-11-02 17:49:37,157
2025-11-02 17:58:20,9
2025-11-02 18:00:27,12
2025-11-02 18:05:56,8
2025-11-02 18:15:17,7
2025-11-02 18:16:37,12
2025-11-02 18:21:21,152
2025-11-02 18:28:46,6
2025-11-02 18:34:41,9
2025-11-02 18:43:15,10
2025-11-02 18:44:01,8
2025-11-02 18:47:45,10
2025-11-02 18:54:26,9
2025-11-02 18:59:17,11
2025-11-02 19:03:06,5
2025-11-02 19:14:36,9
2025-11-02 19:15:41,8
2025-11-02 19:24:16,11
2025-11-02 19:26:39,8
2025-11-02 19:34:31,13
2025-11-02 19:42:11,128
2025-11-02 19:52:59,11
2025-11-02 20:03:10,13
2025-11-02 20:07:21,6
2025-11-02 20:14:20,8
2025-11-02 20:19:22,137
2025-11-02 20:30:54,7
2025-11-02 20:35:08,6
2025-11-02 20:38:54,9
2025-11-02 20:46:18,8
2025-11-02 20:53:52,8
2025-11-02 21:01:51,136
2025-11-02 21:06:25,12
2025-11-02 21:13:09,10
2025-11-02 21:15:39,6
2025-11-02 21:17:51,140
2025-11-02 21:21:17,128
2025-11-02 21:29:46,115
2025-11-02 21:40:43,147
2025-11-02 21:43:22,12
2025-11-02 21:51:33,113
2025-11-02 21:59:31,14
2025-11-02 22:00:34,11
2025-11-02 22:05:48,148
2025-11-02 22:16:01,159
2025-11-02 22:25:50,7
2025-11-02 22:33:33,10
2025-11-02 22:40:59,11
2025-11-02 22:47:21,8
2025-11-02 22:53:49,13
2025-11-02 23:05:26,169
2025-11-02 23:12:55,12
2025-11-02 23:17:09,11
2025-11-02 23:27:14,10
2025-11-02 23:38:36,13
2025-11-02 23:44:51,8
2025-11-02 23:49:58,5
2025-11-02 23:55:24,159
2025-11-02 23:59:03,15
2025-11-03 00:06:03,8
2025-11-03 00:13:54,21
2025-11-03 00:15:13,9
2025-11-03 00:20:58,5
2025-11-03 00:24:44,14
2025-11-03 00:31:41,8
2025-11-03 00:41:15,9
2025-11-03 00:46:53,8
2025-11-03 00:47:51,9
2025-11-03 00:48:53,10
2025-11-03 00:57:31,10
2025-11-03 01:06:00,162
2025-11-03 01:11:19,8
2025-11-03 01:15:56,9
2025-11-03 01:23:00,12
2025-11-03 01:27:23,177
2025-11-03 01:36:15,11
2025-11-03 01:46:18,156
2025-11-03 01:54:51,8
2025-11-03 02:03:59,155
2025-11-03 02:12:30,8
2025-11-03 02:22:31,159
2025-11-03 02:24:07,8
2025-11-03 02:30:14,10
2025-11-03 02:41:19,11
2025-11-03 02:46:48,13
2025-11-03 02:48:46,7
2025-11-03 02:51:14,149
2025-11-03 02:56:19,155
2025-11-03 03:00:19,13
2025-11-03 03:08:54,13
2025-11-03 03:11:53,7
2025-11-03 03:16:12,12
2025-11-03 03:18:08,8
2025-11-03 03:24:03,162
2025-11-03 03:32:43,15
2025-11-03 03:37:21,17
2025-11-03 03:38:57,8
2025-11-03 03:48:31,10
2025-11-03 03:53:33,156
2025-11-03 03:55:39,9
2025-11-03 04:01:33,12
2025-11-03 04:06:50,10
2025-11-03 04:17:40,6
2025-11-03 04:25:13,16
2025-11-03 04:33:04,15
2025-11-03 04:40:44,12
2025-11-03 04:50:57,7
2025-11-03 04:58:07,17
2025-11-03 05:05:17,11
2025-11-03 05:09:54,8
2025-11-03 05:21:22,8
2025-11-03 05:24:58,7
2025-11-03 05:28:57,147
2025-11-03 05:40:25,5
2025-11-03 05:45:11,12
2025-11-03 05:46:47,10
2025-11-03 05:56:34,9
2025-11-03 05:59:44,11
2025-11-03 06:04:48,14
2025-11-03 06:11:19,8
2025-11-03 06:13:02,10
2025-11-03 06:16:00,14
2025-11-03 06:18:23,11
2025-11-03 06:23:30,2
2025-11-03 06:31:44,7
2025-11-03 06:42:21,9
2025-11-03 06:44:43,13
2025-11-03 06:45:52,6
2025-11-03 06:52:05,12
2025-11-03 06:53:10,14
2025-11-03 07:01:30,140
2025-11-03 07:07:57,144
2025-11-03 07:10:04,159
2025-11-03 07:12:01,12
2025-11-03 07:13:52,147
2025-11-03 07:20:19,173
2025-11-03 07:24:32,150
2025-11-03 07:26:06,139
2025-11-03 07:28:21,155
2025-11-03 07:31:18,8
2025-11-03 07:33:27,6
2025-11-03 07:41:23,151
2025-11-03 07:44:55,144
2025-11-03 07:56:17,8
2025-11-03 08:06:44,10
2025-11-03 08:12:28,14
2025-11-03 08:13:23,8
2025-11-03 08:21:06,7
2025-11-03 08:24:16,6
2025-11-03 08:31:39,7
2025-11-03 08:36:01,144
2025-11-03 08:45:00,157
2025-11-03 08:53:57,12
2025-11-03 09:02:19,138
2025-11-03 09:03:38,8
2025-11-03 09:07:26,10
2025-11-03 09:09:37,144
2025-11-03 09:12:14,8
2025-11-03 09:19:07,142
2025-11-03 09:23:56,8
2025-11-03 09:26:26,12
2025-11-03 09:30:26,148
2025-11-03 09:31:10,12
2025-11-03 09:38:41,14
2025-11-03 09:44:33,9
2025-11-03 09:47:18,10
2025-11-03 09:54:40,8
2025-11-03 10:01:26,6
2025-11-03 10:12:17,144
2025-11-03 10:15:16,140
2025-11-03 10:25:27,10
2025-11-03 10:33:08,9
2025-11-03 10:36:31,141
2025-11-03 10:43:13,9
2025-11-03 10:54:46,11
2025-11-03 11:00:36,12
2025-11-03 11:07:11,6
2025-11-03 11:14:56,5
2025-11-03 11:21:40,8
2025-11-03 11:33:11,150
2025-11-03 11:36:57,10
2025-11-03 11:43:32,130
2025-11-03 11:47:27,163
2025-11-03 11:52:48,7
2025-11-03 11:56:16,11
2025-11-03 12:02:03,134
2025-11-03 12:02:49,9
2025-11-03 12:05:21,9
2025-11-03 12:09:01,7
2025-11-03 12:11:57,11
2025-11-03 12:19:48,19
2025-11-03 12:24:49,7
2025-11-03 12:26:49,139
2025-11-03 12:36:00,140
2025-11-03 12:41:41,9
2025-11-03 12:42:35,12
2025-11-03 12:51:57,4
2025-11-03 12:56:10,5
2025-11-03 13:01:51,9
2025-11-03 13:06:53,12
2025-11-03 13:11:14,10
2025-11-03 13:18:08,9
2025-11-03 13:18:49,4
2025-11-03 13:25:18,6
2025-11-03 13:34:09,166
2025-11-03 13:37:00,153
2025-11-03 13:44:40,10
2025-11-03 13:50:48,9
2025-11-03 13:54:09,10
2025-11-03 14:04:04,5
2025-11-03 14:09:44,16
2025-11-03 14:19:02,11
2025-11-03 14:24:20,9
2025-11-03 14:31:26,5
2025-11-03 14:34:40,151
2025-11-03 14:44:12,9
2025-11-03 14:47:49,12
2025-11-03 14:54:35,13
2025-11-03 14:59:58,9
2025-11-03 15:08:31,159
2025-11-03 15:12:44,5
2025-11-03 15:21:28,10
2025-11-03 15:27:15,13
2025-11-03 15:30:43,5
2025-11-03 15:35:22,13
2025-11-03 15:36:40,12
2025-11-03 15:39:12,4
2025-11-03 15:49:08,12
2025-11-03 15:58:44,11
2025-11-03 15:59:34,8
2025-11-03 16:04:24,10
2025-11-03 16:06:50,7
2025-11-03 16:15:43,158
2025-11-03 16:25:03,8
2025-11-03 16:26:08,6
2025-11-03 16:27:09,13
2025-11-03 16:34:05,10
2025-11-03 16:37:50,8
2025-11-03 16:47:13,6
2025-11-03 16:51:45,7
2025-11-03 16:59:39,139
2025-11-03 17:04:23,8
2025-11-03 17:07:15,8
2025-11-03 17:07:55,146
2025-11-03 17:18:10,9
2025-11-03 17:19:08,5
2025-11-03 17:21:55,14
2025-11-03 17:32:41,143
2025-11-03 17:42:09,8
2025-11-03 17:44:18,153
2025-11-03 17:48:14,10
2025-11-03 17:54:36,7
2025-11-03 17:58:51,153
2025-11-03 18:06:17,13
2025-11-03 18:08:50,6
2025-11-03 18:10:26,11
2025-11-03 18:16:38,7
2025-11-03 18:26:19,12
2025-11-03 18:32:09,157
2025-11-03 18:33:23,158
2025-11-03 18:37:27,6
2025-11-03 18:40:43,13
2025-11-03 18:50:57,10
2025-11-03 18:52:37,14
2025-11-03 18:59:03,174
2025-11-03 19:08:19,8
2025-11-03 19:10:19,10
2025-11-03 19:18:50,169
2025-11-03 19:27:08,7
2025-11-03 19:36:43,15
2025-11-03 19:37:58,6
2025-11-03 19:39:35,11
2025-11-03 19:45:51,17
2025-11-03 19:54:03,129
2025-11-03 20:01:04,141
2025-11-03 20:11:39,8
2025-11-03 20:19:14,6
2025-11-03 20:22:10,11
2025-11-03 20:25:30,166
2025-11-03 20:31:39,6
2025-11-03 20:38:31,7
2025-11-03 20:43:42,4
2025-11-03 20:47:17,129
2025-11-03 20:52:03,142
2025-11-03 21:00:00,6
2025-11-03 21:10:43,135
2025-11-03 21:16:27,8
2025-11-03 21:25:14,8
2025-11-03 21:30:29,11
2025-11-03 21:39:47,12
2025-11-03 21:45:18,10
2025-11-03 21:56:54,130
2025-11-03 22:01:57,150
2025-11-03 22:03:27,6
2025-11-03 22:14:48,14
2025-11-03 22:16:31,8
2025-11-03 22:27:28,11
2025-11-03 22:30:37,9
2025-11-03 22:42:07,6
2025-11-03 22:53:32,13
2025-11-03 22:59:49,148
2025-11-03 23:04:13,158
2025-11-03 23:08:18,16
2025-11-03 23:11:52,5
2025-11-03 23:12:24,12
2025-11-03 23:19:08,11
2025-11-03 23:26:29,141
2025-11-03 23:34:21,9
2025-11-03 23:38:34,7
2025-11-03 23:42:23,7
2025-11-03 23:44:42,156
2025-11-03 23:51:09,7
2025-11-04 00:01:25,147
2025-11-04 00:10:48,9
2025-11-04 00:18:16,9
2025-11-04 00:29:01,149
2025-11-04 00:36:51,11
2025-11-04 00:39:37,143
2025-11-04 00:48:48,5
2025-11-04 00:54:41,4
2025-11-04 01:00:38,12
2025-11-04 01:03:52,150
2025-11-04 01:10:52,10
2025-11-04 01:15:45,11
2025-11-04 01:16:42,10
2025-11-04 01:25:36,5
2025-11-04 01:30:18,178
2025-11-04 01:40:50,148
2025-11-04 01:49:08,17
2025-11-04 01:57:28,15
2025-11-04 02:05:20,12
2025-11-04 02:12:31,12
2025-11-04 02:21:24,17
2025-11-04 02:27:09,13
2025-11-04 02:28:24,150
2025-11-04 02:34:25,6
2025-11-04 02:42:43,13
2025-11-04 02:49:55,8
2025-11-04 02:57:06,9
2025-11-04 03:07:17,138
2025-11-04 03:18:31,13
2025-11-04 03:29:10,8
2025-11-04 03:35:56,151
2025-11-04 03:46:45,157
2025-11-04 03:57:01,14
2025-11-04 04:08:18,173
2025-11-04 04:11:14,16
2025-11-04 04:18:46,14
2025-11-04 04:19:44,128
2025-11-04 04:24:38,12
2025-11-04 04:32:32,13
2025-11-04 04:33:03,10
2025-11-04 04:39:10,8
2025-11-04 04:43:48,12
2025-11-04 04:55:12,11
2025-11-04 05:01:33,12
2025-11-04 05:04:18,7
2025-11-04 05:15:27,8
2025-11-04 05:23:43,19
2025-11-04 05:27:06,6
2025-11-04 05:33:25,11
2025-11-04 05:40:31,6
2025-11-04 05:50:13,12
2025-11-04 05:57:35,14
2025-11-04 06:08:10,8
2025-11-04 06:10:50,7
2025-11-04 06:20:55,9
2025-11-04 06:25:06,12
2025-11-04 06:30:28,16
2025-11-04 06:34:09,6
2025-11-04 06:43:24,6
2025-11-04 06:48:20,18
2025-11-04 06:57:19,8
2025-11-04 07:00:03,13
2025-11-04 07:11:19,152
2025-11-04 07:15:28,144
2025-11-04 07:23:16,9
2025-11-04 07:24:00,11
2025-11-04 07:34:04,19
2025-11-04 07:35:34,146
2025-11-04 07:39:20,11
2025-11-04 07:46:25,6
2025-11-04 07:57:50,9
2025-11-04 08:04:42,4
2025-11-04 08:07:22,13
2025-11-04 08:07:58,7
2025-11-04 08:09:36,11
2025-11-04 08:20:42,10
2025-11-04 08:31:00,135
2025-11-04 08:35:46,16
2025-11-04 08:39:41,8
2025-11-04 08:47:13,148
2025-11-04 08:51:01,15
2025-11-04 09:02:19,12
2025-11-04 09:06:45,8
2025-11-04 09:11:44,9
2025-11-04 09:18:33,11
2025-11-04 09:29:34,10
2025-11-04 09:40:54,8
2025-11-04 09:45:01,9
2025-11-04 09:53:49,11
2025-11-04 09:54:45,153
2025-11-04 09:56:37,138
2025-11-04 10:04:22,6
2025-11-04 10:05:00,8
2025-11-04 10:08:12,152
2025-11-04 10:13:19,9
2025-11-04 10:18:05,10
2025-11-04 10:29:06,12
2025-11-04 10:38:18,10
2025-11-04 10:44:29,178
2025-11-04 10:47:12,150
2025-11-04 10:51:11,5
2025-11-04 10:59:18,10
2025-11-04 11:06:33,6
2025-11-04 11:14:54,7
2025-11-04 11:23:31,146
2025-11-04 11:24:57,11
2025-11-04 11:28:10,181
2025-11-04 11:36:23,145
2025-11-04 11:39:58,6
2025-11-04 11:44:31,138
2025-11-04 11:54:39,13
2025-11-04 12:01:42,15
2025-11-04 12:06:12,10
2025-11-04 12:12:30,10
2025-11-04 12:19:33,12
2025-11-04 12:30:41,150
2025-11-04 12:34:54,11
2025-11-04 12:45:22,8
2025-11-04 12:48:28,149
2025-11-04 12:50:30,10
2025-11-04 12:55:51,6
2025-11-04 12:59:30,16
2025-11-04 13:03:21,8
2025-11-04 13:07:02,144
2025-11-04 13:10:07,15
2025-11-04 13:12:35,14
2025-11-04 13:22:22,3
2025-11-04 13:28:39,12
2025-11-04 13:33:30,7
2025-11-04 13:40:23,8
2025-11-04 13:49:14,11
2025-11-04 13:53:02,8
2025-11-04 14:04:17,158
2025-11-04 14:15:00,10
2025-11-04 14:16:25,10
2025-11-04 14:23:57,132
2025-11-04 14:30:41,12
2025-11-04 14:38:08,4
2025-11-04 14:44:28,4
2025-11-04 14:54:12,8
2025-11-04 15:04:51,10
2025-11-04 15:12:35,136
2025-11-04 15:19:46,149
2025-11-04 15:29:05,152
2025-11-04 15:32:55,10
2025-11-04 15:39:47,9
2025-11-04 15:43:47,167
2025-11-04 15:48:05,7
2025-11-04 15:50:27,11
2025-11-04 15:55:37,9
2025-11-04 16:02:54,159
2025-11-04 16:14:08,8
2025-11-04 16:15:53,9
2025-11-04 16:17:23,139
2025-11-04 16:25:26,14
2025-11-04 16:26:22,125
2025-11-04 16:37:12,7
2025-11-04 16:38:59,11
2025-11-04 16:43:47,5
2025-11-04 16:47:00,11
2025-11-04 16:49:05,9
2025-11-04 16:51:08,7
2025-11-04 16:54:46,14
2025-11-04 16:56:43,150
2025-11-04 17:02:09,12
2025-11-04 17:10:06,149
2025-11-04 17:17:06,11
2025-11-04 17:27:38,6
2025-11-04 17:34:44,14
2025-11-04 17:44:36,12
2025-11-04 17:52:10,159
2025-11-04 17:53:24,6
2025-11-04 18:04:48,11
2025-11-04 18:16:14,9
2025-11-04 18:21:30,8
2025-11-04 18:30:34,8
2025-11-04 18:40:06,12
2025-11-04 18:43:43,9
2025-11-04 18:46:48,158
2025-11-04 18:47:35,155
2025-11-04 18:49:37,145
2025-11-04 18:55:24,7
2025-11-04 19:05:28,10
2025-11-04 19:09:07,13
2025-11-04 19:19:21,6
2025-11-04 19:26:58,145
2025-11-04 19:37:08,5
2025-11-04 19:44:53,4
2025-11-04 19:54:07,12
2025-11-04 20:03:53,10
2025-11-04 20:14:51,10
2025-11-04 20:22:14,6
2025-11-04 20:28:20,14
2025-11-04 20:30:18,5
2025-11-04 20:33:22,6
2025-11-04 20:41:08,9
2025-11-04 20:44:34,7
2025-11-04 20:50:10,6
2025-11-04 20:58:16,5
2025-11-04 21:00:00,180
2025-11-04 21:03:30,11
2025-11-04 21:07:53,3
2025-11-04 21:13:54,143
2025-11-04 21:25:16,8
2025-11-04 21:31:09,10
2025-11-04 21:41:44,10
2025-11-04 21:50:56,12
2025-11-04 21:53:32,8
2025-11-04 21:56:19,153
2025-11-04 22:03:41,11
2025-11-04 22:07:48,176
2025-11-04 22:11:22,9
2025-11-04 22:14:21,153
2025-11-04 22:25:57,9
2025-11-04 22:36:04,9
2025-11-04 22:46:33,13
2025-11-04 22:53:47,18
2025-11-04 23:00:03,174
2025-11-04 23:08:40,171
2025-11-04 23:13:26,9
2025-11-04 23:17:41,11
2025-11-04 23:25:35,8
2025-11-04 23:32:50,8
2025-11-04 23:43:19,9
2025-11-04 23:52:29,13
2025-11-04 23:52:59,147
2025-11-04 23:54:10,9
2025-11-05 00:03:51,11
2025-11-05 00:07:15,165
2025-11-05 00:16:34,16
2025-11-05 00:21:04,119
2025-11-05 00:23:29,9
2025-11-05 00:34:48,13
2025-11-05 00:41:12,10
2025-11-05 00:49:21,13
2025-11-05 01:00:41,136
2025-11-05 01:03:28,6
2025-11-05 01:06:52,12
2025-11-05 01:17:55,9
2025-11-05 01:24:14,7
2025-11-05 01:34:36,3
2025-11-05 01:44:09,11
2025-11-05 01:49:02,4
2025-11-05 02:00:31,12
2025-11-05 02:10:20,7
2025-11-05 02:10:57,157
2025-11-05 02:12:00,8
2025-11-05 02:16:19,153
2025-11-05 02:20:04,13
2025-11-05 02:28:40,13
2025-11-05 02:35:13,150
2025-11-05 02:38:23,8
2025-11-05 02:39:16,13
2025-11-05 02:43:22,7
2025-11-05 02:53:39,179
2025-11-05 03:02:36,158
2025-11-05 03:11:28,17
2025-11-05 03:12:26,10
2025-11-05 03:17:08,9
2025-11-05 03:25:29,8
2025-11-05 03:29:06,151
2025-11-05 03:36:30,14
2025-11-05 03:43:57,7
2025-11-05 03:55:14,21
2025-11-05 04:04:27,139
2025-11-05 04:14:47,132
2025-11-05 04:17:08,11
2025-11-05 04:23:39,8
2025-11-05 04:30:40,8
2025-11-05 04:41:06,10
2025-11-05 04:51:22,140
2025-11-05 05:02:02,11
2025-11-05 05:11:27,8
2025-11-05 05:13:29,11
2025-11-05 05:21:32,11
2025-11-05 05:28:32,171
2025-11-05 05:39:18,5
2025-11-05 05:42:09,12
2025-11-05 05:53:07,12
2025-11-05 06:02:09,11
2025-11-05 06:12:24,12
2025-11-05 06:15:24,11
2025-11-05 06:23:36,10
2025-11-05 06:24:27,11
2025-11-05 06:28:41,11
2025-11-05 06:38:47,8
2025-11-05 06:42:27,127
2025-11-05 06:45:56,8
2025-11-05 06:56:31,150
2025-11-05 07:02:34,12
2025-11-05 07:06:15,137
2025-11-05 07:12:09,145
2025-11-05 07:15:58,7
2025-11-05 07:16:30,15
2025-11-05 07:21:16,12
2025-11-05 07:31:36,146
2025-11-05 07:36:59,152
2025-11-05 07:40:54,6
2025-11-05 07:50:29,153
2025-11-05 07:53:14,9
2025-11-05 07:55:22,155
2025-11-05 08:00:39,151
2025-11-05 08:05:52,9
2025-11-05 08:15:19,158
2025-11-05 08:23:00,10
2025-11-05 08:27:08,14
2025-11-05 08:34:02,10
2025-11-05 08:43:19,15
2025-11-05 08:54:50,12
2025-11-05 08:56:51,6
2025-11-05 08:58:57,3
2025-11-05 09:05:19,130
2025-11-05 09:05:53,15
2025-11-05 09:07:44,8
2025-11-05 09:13:44,9
2025-11-05 09:17:56,18
2025-11-05 09:18:59,10
2025-11-05 09:21:36,168
2025-11-05 09:27:17,14
2025-11-05 09:35:04,8
2025-11-05 09:41:24,133
2025-11-05 09:43:03,9
2025-11-05 09:49:04,13
2025-11-05 09:53:43,11
2025-11-05 10:05:08,13
2025-11-05 10:09:58,10
2025-11-05 10:10:36,14
2025-11-05 10:12:43,159
2025-11-05 10:22:14,20
2025-11-05 10:24:13,12
2025-11-05 10:31:31,11
2025-11-05 10:38:59,9
2025-11-05 10:46:39,17
2025-11-05 10:50:05,14
2025-11-05 10:56:10,11
2025-11-05 11:02:41,9
2025-11-05 11:08:43,5
2025-11-05 11:11:16,8
2025-11-05 11:13:09,13
2025-11-05 11:18:26,18
2025-11-05 11:28:48,143
2025-11-05 11:33:09,160
2025-11-05 11:36:49,130
2025-11-05 11:37:34,13
2025-11-05 11:45:59,13
2025-11-05 11:47:06,6
2025-11-05 11:54:35,8
2025-11-05 12:00:11,14
2025-11-05 12:01:44,148
2025-11-05 12:04:41,13
2025-11-05 12:05:18,9
2025-11-05 12:13:21,8
2025-11-05 12:14:08,12
2025-11-05 12:15:49,13
2025-11-05 12:22:05,6
2025-11-05 12:22:54,13
2025-11-05 12:31:21,140
2025-11-05 12:31:58,12
2025-11-05 12:33:43,134
2025-11-05 12:35:43,7
2025-11-05 12:45:01,11
2025-11-05 12:53:53,9
2025-11-05 13:04:08,6
2025-11-05 13:07:23,158
2025-11-05 13:10:32,140
2025-11-05 13:12:56,9
2025-11-05 13:23:48,159
2025-11-05 13:34:33,13
2025-11-05 13:43:23,13
2025-11-05 13:54:33,8
2025-11-05 13:55:54,16
2025-11-05 14:00:49,6
2025-11-05 14:06:27,148
2025-11-05 14:14:11,11
2025-11-05 14:17:53,6
2025-11-05 14:28:25,6
2025-11-05 14:33:17,7
2025-11-05 14:38:23,10
2025-11-05 14:40:45,157
2025-11-05 14:50:04,11
2025-11-05 14:51:08,10
2025-11-05 14:59:47,9
2025-11-05 15:03:59,13
2025-11-05 15:13:02,11
2025-11-05 15:15:33,6
2025-11-05 15:21:07,173
2025-11-05 15:32:06,10
2025-11-05 15:40:16,7
2025-11-05 15:46:04,6
2025-11-05 15:56:23,164
2025-11-05 15:57:57,14
2025-11-05 16:01:28,13
2025-11-05 16:06:30,14
2025-11-05 16:07:36,10
2025-11-05 16:16:09,7
2025-11-05 16:27:03,11
2025-11-05 16:36:53,158
2025-11-05 16:43:33,126
2025-11-05 16:54:15,149
2025-11-05 17:04:51,16
2025-11-05 17:12:16,10
2025-11-05 17:19:13,9
2025-11-05 17:22:54,8
2025-11-05 17:32:53,9
2025-11-05 17:35:45,157
2025-11-05 17:44:27,13
2025-11-05 17:49:12,157
2025-11-05 17:53:57,12
2025-11-05 17:56:39,10
2025-11-05 18:06:20,16
2025-11-05 18:17:50,8
2025-11-05 18:25:01,8
2025-11-05 18:36:30,17
2025-11-05 18:43:02,7
2025-11-05 18:47:50,14
2025-11-05 18:53:05,6
2025-11-05 19:01:39,13
2025-11-05 19:02:40,10
2025-11-05 19:04:56,137
2025-11-05 19:06:26,133
2025-11-05 19:13:16,10
2025-11-05 19:17:48,166
2025-11-05 19:20:12,9
2025-11-05 19:24:16,11
2025-11-05 19:33:46,8
2025-11-05 19:40:31,13
2025-11-05 19:41:20,150
2025-11-05 19:46:48,11
2025-11-05 19:53:16,12
2025-11-05 19:58:09,13
2025-11-05 20:03:16,10
2025-11-05 20:05:33,5
2025-11-05 20:12:54,6
2025-11-05 20:16:48,13
2025-11-05 20:22:29,8
2025-11-05 20:25:08,9
2025-11-05 20:35:06,9
2025-11-05 20:39:00,158
2025-11-05 20:46:58,9
2025-11-05 20:55:12,6
2025-11-05 21:01:57,8
2025-11-05 21:06:06,13
2025-11-05 21:11:06,5
2025-11-05 21:20:59,10
2025-11-05 21:23:54,17
2025-11-05 21:30:24,10
2025-11-05 21:31:30,10
2025-11-05 21:38:18,143
2025-11-05 21:44:29,153
2025-11-05 21:55:37,10
2025-11-05 21:56:29,11
2025-11-05 21:58:37,8
2025-11-05 22:00:57,10
2025-11-05 22:08:11,5
2025-11-05 22:10:53,5
2025-11-05 22:21:09,10
2025-11-05 22:26:12,160
2025-11-05 22:32:25,153
2025-11-05 22:36:02,12
2025-11-05 22:36:38,12
2025-11-05 22:43:35,7
2025-11-05 22:47:54,7
2025-11-05 22:53:54,12
2025-11-05 23:03:38,11
2025-11-05 23:11:37,134
2025-11-05 23:19:12,14
2025-11-05 23:22:38,14
2025-11-05 23:27:01,15
2025-11-05 23:30:39,161
2025-11-05 23:38:41,138
2025-11-05 23:43:17,12
2025-11-05 23:49:23,11
2025-11-05 23:51:23,142
2025-11-05 23:56:39,13
2025-11-06 00:06:59,15
2025-11-06 00:17:30,4
2025-11-06 00:20:17,9
2025-11-06 00:25:20,137
2025-11-06 00:29:34,10
2025-11-06 00:35:30,4
2025-11-06 00:43:17,9
2025-11-06 00:47:36,7
2025-11-06 00:54:15,13
2025-11-06 01:01:42,11
2025-11-06 01:05:42,14
2025-11-06 01:08:09,12
2025-11-06 01:11:23,14
2025-11-06 01:14:26,141
2025-11-06 01:16:31,12
2025-11-06 01:28:03,8
2025-11-06 01:35:57,131
2025-11-06 01:45:22,151
2025-11-06 01:50:51,7
2025-11-06 01:56:37,9
2025-11-06 02:03:04,10
2025-11-06 02:09:37,12
2025-11-06 02:20:36,143
2025-11-06 02:26:17,8
2025-11-06 02:36:25,14
2025-11-06 02:47:40,10
2025-11-06 02:52:19,170
2025-11-06 03:02:58,9
2025-11-06 03:07:30,6
2025-11-06 03:15:11,15
2025-11-06 03:23:16,10
2025-11-06 03:30:47,145
2025-11-06 03:31:27,5
2025-11-06 03:39:12,9
2025-11-06 03:48:22,11
2025-11-06 03:49:03,9
2025-11-06 03:54:14,145
2025-11-06 03:55:17,9
2025-11-06 04:05:51,11
2025-11-06 04:12:58,5
2025-11-06 04:21:39,12
2025-11-06 04:32:28,166
2025-11-06 04:37:11,13
2025-11-06 04:42:14,5
2025-11-06 04:46:43,9
2025-11-06 04:52:49,170
2025-11-06 04:57:22,9
2025-11-06 05:02:39,10
2025-11-06 05:07:31,132
2025-11-06 05:10:03,165
2025-11-06 05:21:38,11
2025-11-06 05:29:46,12
2025-11-06 05:39:08,4
2025-11-06 05:50:10,3
2025-11-06 06:00:27,9
2025-11-06 06:09:52,9
2025-11-06 06:14:21,7
2025-11-06 06:15:57,143
2025-11-06 06:25:49,4
2025-11-06 06:26:45,5
2025-11-06 06:29:29,11
2025-11-06 06:37:27,14
2025-11-06 06:46:42,13
2025-11-06 06:50:21,5
2025-11-06 06:51:39,11
2025-11-06 06:58:36,160
2025-11-06 07:05:46,12
2025-11-06 07:12:38,10
2025-11-06 07:23:58,6
2025-11-06 07:26:34,152
2025-11-06 07:32:35,10
2025-11-06 07:38:20,11
2025-11-06 07:41:32,15
2025-11-06 07:49:44,5
2025-11-06 07:50:37,8
2025-11-06 08:01:29,11
2025-11-06 08:09:26,152
2025-11-06 08:15:55,12
2025-11-06 08:25:28,15
2025-11-06 08:35:44,160
2025-11-06 08:46:50,12
2025-11-06 08:49:46,10
2025-11-06 08:50:59,9
2025-11-06 08:52:26,12
2025-11-06 09:03:09,7
2025-11-06 09:08:22,151
2025-11-06 09:10:14,8
2025-11-06 09:16:15,7
2025-11-06 09:25:31,9
2025-11-06 09:26:49,9
2025-11-06 09:36:04,5
2025-11-06 09:44:03,13
2025-11-06 09:48:37,6
2025-11-06 09:51:55,12
2025-11-06 09:59:10,5
2025-11-06 10:06:25,165
2025-11-06 10:14:58,12
2025-11-06 10:20:47,6
2025-11-06 10:27:48,9
2025-11-06 10:36:03,150
2025-11-06 10:45:10,6
2025-11-06 10:46:07,164
2025-11-06 10:57:04,10
2025-11-06 11:06:34,9
2025-11-06 11:07:25,7
2025-11-06 11:17:14,7
2025-11-06 11:21:59,7
2025-11-06 11:26:18,7
2025-11-06 11:26:56,9
2025-11-06 11:38:23,9
2025-11-06 11:40:56,13
2025-11-06 11:46:54,14
2025-11-06 11:49:24,15
2025-11-06 11:59:35,12
2025-11-06 12:01:32,16
2025-11-06 12:05:23,8
2025-11-06 12:08:23,8
2025-11-06 12:14:20,12
2025-11-06 12:19:43,14
2025-11-06 12:24:02,155
2025-11-06 12:30:46,10
2025-11-06 12:33:55,10
2025-11-06 12:38:22,9
2025-11-06 12:46:53,139
2025-11-06 12:50:50,11
2025-11-06 12:56:50,14
2025-11-06 13:01:17,159
2025-11-06 13:05:29,153
2025-11-06 13:08:00,10
2025-11-06 13:16:25,8
2025-11-06 13:18:13,158
2025-11-06 13:27:55,13
2025-11-06 13:33:58,11
2025-11-06 13:44:25,8
2025-11-06 13:53:54,6
2025-11-06 13:56:08,158
2025-11-06 13:57:34,6
2025-11-06 13:59:53,7
2025-11-06 14:10:09,14
2025-11-06 14:14:27,9
2025-11-06 14:18:38,158
2025-11-06 14:24:43,12
2025-11-06 14:25:54,157
2025-11-06 14:28:11,151
2025-11-06 14:38:33,140
2025-11-06 14:49:59,13
2025-11-06 14:57:57,9
2025-11-06 15:06:06,15
2025-11-06 15:08:46,131
2025-11-06 15:16:17,10
2025-11-06 15:22:37,13
2025-11-06 15:27:25,145
2025-11-06 15:32:07,7
2025-11-06 15:41:35,10
2025-11-06 15:51:19,6
2025-11-06 16:00:02,143
2025-11-06 16:09:19,19
2025-11-06 16:19:22,8
2025-11-06 16:25:50,9
2025-11-06 16:36:28,139
2025-11-06 16:39:03,150
2025-11-06 16:40:01,12
2025-11-06 16:42:18,7
2025-11-06 16:53:11,144
2025-11-06 16:56:05,13
2025-11-06 17:05:37,10
2025-11-06 17:14:48,146
2025-11-06 17:25:30,5
2025-11-06 17:31:55,147
2025-11-06 17:34:09,8
2025-11-06 17:38:24,174
2025-11-06 17:47:12,7
2025-11-06 17:53:24,13
2025-11-06 17:57:31,10
2025-11-06 18:01:07,12
2025-11-06 18:08:27,12
2025-11-06 18:09:51,156
2025-11-06 18:12:26,146
2025-11-06 18:21:25,16
2025-11-06 18:30:36,16
2025-11-06 18:31:52,165
2025-11-06 18:32:52,149
2025-11-06 18:36:03,5
2025-11-06 18:41:23,8
2025-11-06 18:48:51,14
2025-11-06 18:54:29,8
2025-11-06 19:02:19,11
2025-11-06 19:08:28,8
2025-11-06 19:09:40,5
2025-11-06 19:20:53,7
2025-11-06 19:28:29,9
2025-11-06 19:38:20,9
2025-11-06 19:39:46,11
2025-11-06 19:47:17,3
2025-11-06 19:58:22,7
2025-11-06 20:03:41,152
2025-11-06 20:14:25,12
2025-11-06 20:22:49,10
2025-11-06 20:30:01,148
2025-11-06 20:36:59,139
2025-11-06 20:42:42,4
2025-11-06 20:49:42,12
2025-11-06 20:59:25,8
2025-11-06 21:08:44,15
2025-11-06 21:17:38,12
2025-11-06 21:29:16,7
2025-11-06 21:38:19,6
2025-11-06 21:42:17,8
2025-11-06 21:53:09,16
2025-11-06 21:59:51,13
2025-11-06 22:02:11,10
2025-11-06 22:08:49,11
2025-11-06 22:11:14,14
2025-11-06 22:19:22,140
2025-11-06 22:26:24,5
2025-11-06 22:36:13,10
2025-11-06 22:46:59,9
2025-11-06 22:57:48,128
2025-11-06 22:59:58,9
2025-11-06 23:00:37,10
2025-11-06 23:06:45,13
2025-11-06 23:08:51,7
2025-11-06 23:20:28,12
2025-11-06 23:23:05,14
2025-11-06 23:28:09,6
2025-11-06 23:36:36,12
2025-11-06 23:40:19,14
2025-11-06 23:48:47,12
2025-11-06 23:59:10,8
2025-11-07 00:05:16,8
2025-11-07 00:11:52,8
2025-11-07 00:16:20,10
2025-11-07 00:21:32,14
2025-11-07 00:26:36,139
2025-11-07 00:32:42,162
2025-11-07 00:42:14,125
2025-11-07 00:49:13,10
2025-11-07 00:54:05,150
2025-11-07 01:03:40,147
2025-11-07 01:05:43,152
2025-11-07 01:07:59,147
2025-11-07 01:12:30,10
2025-11-07 01:20:12,2
2025-11-07 01:22:00,12
2025-11-07 01:22:56,14
2025-11-07 01:31:43,138
2025-11-07 01:34:20,7
2025-11-07 01:38:45,12
2025-11-07 01:46:13,6
2025-11-07 01:48:12,7
2025-11-07 01:49:03,14
2025-11-07 01:55:19,150
2025-11-07 02:00:25,9
2025-11-07 02:05:18,171
2025-11-07 02:16:01,9
2025-11-07 02:21:08,12
2025-11-07 02:32:28,6
2025-11-07 02:38:28,9
2025-11-07 02:49:25,16
2025-11-07 02:55:23,6
2025-11-07 03:03:35,6
2025-11-07 03:04:59,10
2025-11-07 03:15:17,9
2025-11-07 03:19:19,11
2025-11-07 03:25:00,9
2025-11-07 03:26:36,9
2025-11-07 03:33:41,127
2025-11-07 03:37:02,8
2025-11-07 03:44:51,11
2025-11-07 03:54:46,7
2025-11-07 04:01:14,10
2025-11-07 04:05:16,10
2025-11-07 04:10:41,134
2025-11-07 04:17:30,139
2025-11-07 04:25:53,12
2025-11-07 04:27:45,10
2025-11-07 04:32:43,10
2025-11-07 04:33:52,5
2025-11-07 04:39:05,9
2025-11-07 04:45:47,10
2025-11-07 04:48:43,13
2025-11-07 04:54:47,12
2025-11-07 04:56:14,171
2025-11-07 05:04:29,9
2025-11-07 05:13:34,6
2025-11-07 05:19:26,7
2025-11-07 05:28:24,7
2025-11-07 05:33:08,8
2025-11-07 05:34:41,15
2025-11-07 05:41:39,7
2025-11-07 05:52:02,8
2025-11-07 05:53:34,15
2025-11-07 05:56:47,9
2025-11-07 06:04:00,13
2025-11-07 06:13:34,14
2025-11-07 06:22:48,13
2025-11-07 06:26:37,11
2025-11-07 06:37:26,17
2025-11-07 06:41:44,145
2025-11-07 06:50:06,7
2025-11-07 06:50:45,9
2025-11-07 06:59:10,142
2025-11-07 07:10:34,14
2025-11-07 07:15:35,13
2025-11-07 07:24:42,5
2025-11-07 07:25:15,13
2025-11-07 07:29:08,11
2025-11-07 07:32:12,6
2025-11-07 07:42:39,7
2025-11-07 07:51:48,7
2025-11-07 08:02:27,8
2025-11-07 08:10:34,12
2025-11-07 08:11:25,163
2025-11-07 08:14:42,140
2025-11-07 08:18:16,6
2025-11-07 08:20:15,7
2025-11-07 08:26:05,13
2025-11-07 08:31:34,10
2025-11-07 08:34:11,11
2025-11-07 08:41:07,7
2025-11-07 08:42:11,10
2025-11-07 08:53:01,14
2025-11-07 09:02:36,20
2025-11-07 09:05:27,10
2025-11-07 09:12:48,7
2025-11-07 09:23:16,13
2025-11-07 09:27:48,147
2025-11-07 09:28:43,136
2025-11-07 09:36:40,14
2025-11-07 09:44:17,14
2025-11-07 09:53:33,8
2025-11-07 10:00:30,10
2025-11-07 10:11:45,6
2025-11-07 10:12:48,169
2025-11-07 10:15:33,5
2025-11-07 10:18:59,7
2025-11-07 10:28:06,163
2025-11-07 10:29:35,120
2025-11-07 10:36:54,9
2025-11-07 10:44:38,7
2025-11-07 10:49:32,9
2025-11-07 10:55:10,9
2025-11-07 11:03:29,7
2025-11-07 11:12:55,164
2025-11-07 11:17:24,9
2025-11-07 11:24:36,6
2025-11-07 11:26:20,11
2025-11-07 11:31:56,13
2025-11-07 11:34:19,157
2025-11-07 11:37:57,10
2025-11-07 11:48:55,11
2025-11-07 11:55:37,8
2025-11-07 12:04:42,13
2025-11-07 12:06:41,125
2025-11-07 12:14:16,11
2025-11-07 12:24:55,11
2025-11-07 12:26:10,8
2025-11-07 12:28:30,13
2025-11-07 12:38:54,144
2025-11-07 12:41:36,10
2025-11-07 12:43:52,7
2025-11-07 12:45:42,4
2025-11-07 12:49:58,19
2025-11-07 12:57:21,16
2025-11-07 13:02:03,155
2025-11-07 13:11:23,6
2025-11-07 13:20:09,10
2025-11-07 13:31:46,5
2025-11-07 13:41:02,4
2025-11-07 13:45:14,6
2025-11-07 13:47:15,15
2025-11-07 13:48:14,5
2025-11-07 13:58:01,6
2025-11-07 14:06:24,138
2025-11-07 14:12:23,139
2025-11-07 14:22:27,158
2025-11-07 14:26:32,158
2025-11-07 14:30:16,9
2025-11-07 14:31:47,149
2025-11-07 14:40:04,154
2025-11-07 14:50:36,12
2025-11-07 14:52:20,13
2025-11-07 15:03:38,11
2025-11-07 15:07:10,149
2025-11-07 15:10:50,9
2025-11-07 15:17:37,150
2025-11-07 15:28:58,158
2025-11-07 15:37:26,7
2025-11-07 15:48:26,164
2025-11-07 15:50:10,13
2025-11-07 15:56:19,7
2025-11-07 16:06:12,11
2025-11-07 16:13:38,17
2025-11-07 16:15:55,155
2025-11-07 16:20:28,12
2025-11-07 16:27:10,159
2025-11-07 16:30:28,15
2025-11-07 16:40:45,13
2025-11-07 16:44:29,166
2025-11-07 16:50:33,8
2025-11-07 16:54:11,8
2025-11-07 17:03:11,13
2025-11-07 17:05:55,13
2025-11-07 17:16:48,148
2025-11-07 17:22:41,7
2025-11-07 17:26:15,139
2025-11-07 17:28:30,12
2025-11-07 17:33:41,131
2025-11-07 17:44:23,8
2025-11-07 17:45:51,7
2025-11-07 17:50:00,9
2025-11-07 17:52:37,9
2025-11-07 17:53:10,157
2025-11-07 18:00:52,8
2025-11-07 18:09:34,9
2025-11-07 18:20:32,10
2025-11-07 18:26:01,10
2025-11-07 18:28:39,8
2025-11-07 18:35:45,143
2025-11-07 18:42:17,6
2025-11-07 18:48:33,12
2025-11-07 18:57:06,3
2025-11-07 19:00:06,132
2025-11-07 19:02:22,7
2025-11-07 19:11:57,14
2025-11-07 19:13:30,10
2025-11-07 19:15:37,11
2025-11-07 19:21:00,10
2025-11-07 19:21:58,160
2025-11-07 19:33:21,10
2025-11-07 19:42:50,141
2025-11-07 19:48:34,4
2025-11-07 19:58:14,12
2025-11-07 20:07:12,5
2025-11-07 20:18:11,9
2025-11-07 20:25:24,151
2025-11-07 20:33:13,132
2025-11-07 20:42:53,9
2025-11-07 20:45:59,8
2025-11-07 20:56:31,143
2025-11-07 21:04:09,150
2025-11-07 21:09:20,9
2025-11-07 21:15:27,146
2025-11-07 21:16:44,10
2025-11-07 21:25:58,9
2025-11-07 21:33:15,9
2025-11-07 21:38:46,20
2025-11-07 21:43:57,10
2025-11-07 21:55:02,9
2025-11-07 22:06:05,12
2025-11-07 22:08:46,10
2025-11-07 22:17:54,162
2025-11-07 22:21:07,128
2025-11-07 22:29:41,4
2025-11-07 22:35:44,15
2025-11-07 22:46:04,16
2025-11-07 22:50:53,5
2025-11-07 23:01:29,143
2025-11-07 23:09:34,147
2025-11-07 23:14:02,155
2025-11-07 23:21:22,10
2025-11-07 23:30:19,7
2025-11-07 23:36:19,150
2025-11-07 23:37:16,7
2025-11-07 23:39:12,4
2025-11-07 23:42:04,14
2025-11-07 23:49:08,13
2025-11-07 23:52:24,12
2025-11-07 23:56:52,8
2025-11-07 23:58:58,12
2025-11-07 23:59:57,9
2025-11-08 00:00:45,13
2025-11-08 00:10:30,11
2025-11-08 00:12:10,157
2025-11-08 00:21:23,149
2025-11-08 00:23:40,175
2025-11-08 00:33:25,9
2025-11-08 00:37:08,5
2025-11-08 00:42:54,9
2025-11-08 00:44:33,160
2025-11-08 00:50:26,149
2025-11-08 00:54:26,11
2025-11-08 00:56:52,7
2025-11-08 01:07:50,12
2025-11-08 01:12:17,12
2025-11-08 01:23:42,9
2025-11-08 01:25:45,154
2025-11-08 01:35:18,12
2025-11-08 01:40:02,9
2025-11-08 01:49:56,7
2025-11-08 01:50:46,10
2025-11-08 01:52:57,10
2025-11-08 01:57:26,9
2025-11-08 02:05:56,5
2025-11-08 02:14:17,9
2025-11-08 02:25:50,169
2025-11-08 02:29:49,156
2025-11-08 02:36:15,15
2025-11-08 02:43:54,155
2025-11-08 02:47:28,156
2025-11-08 02:57:52,10
2025-11-08 02:59:19,11
2025-11-08 03:04:56,10
2025-11-08 03:13:59,9
2025-11-08 03:19:48,7
2025-11-08 03:25:15,8
2025-11-08 03:36:36,11
2025-11-08 03:38:15,9
2025-11-08 03:40:23,13
2025-11-08 03:51:31,10
2025-11-08 03:58:27,14
2025-11-08 04:08:15,11
2025-11-08 04:15:18,9
2025-11-08 04:24:17,12
2025-11-08 04:29:18,12
2025-11-08 04:29:59,12
2025-11-08 04:32:48,7
2025-11-08 04:36:54,10
2025-11-08 04:46:23,8
2025-11-08 04:49:54,8
2025-11-08 04:52:57,9
2025-11-08 05:03:47,7
2025-11-08 05:04:20,8
2025-11-08 05:08:50,15
2025-11-08 05:17:27,7
2025-11-08 05:27:16,159
2025-11-08 05:37:19,13
2025-11-08 05:38:17,13
2025-11-08 05:44:29,132
2025-11-08 05:46:06,10
2025-11-08 05:48:34,13
2025-11-08 05:54:16,6
2025-11-08 06:04:57,14
2025-11-08 06:09:55,9
2025-11-08 06:16:06,13
2025-11-08 06:27:30,11
2025-11-08 06:35:58,8
2025-11-08 06:43:14,138
2025-11-08 06:49:23,12
2025-11-08 06:54:49,6
2025-11-08 06:56:29,8
2025-11-08 06:59:27,7
2025-11-08 07:09:53,5
2025-11-08 07:18:39,10
2025-11-08 07:25:26,164
2025-11-08 07:33:27,9
2025-11-08 07:35:23,6
2025-11-08 07:41:01,8
2025-11-08 07:50:30,18
2025-11-08 07:54:31,9
2025-11-08 08:02:08,140
2025-11-08 08:09:11,12
2025-11-08 08:16:49,11
2025-11-08 08:25:08,14
2025-11-08 08:35:02,5
2025-11-08 08:43:03,157
2025-11-08 08:49:47,153
2025-11-08 08:52:03,9
2025-11-08 09:01:52,8
2025-11-08 09:09:39,7
2025-11-08 09:20:57,8
2025-11-08 09:29:19,7
2025-11-08 09:31:27,8
2025-11-08 09:34:28,9
2025-11-08 09:42:03,7
2025-11-08 09:45:11,8
2025-11-08 09:51:40,15
2025-11-08 09:52:47,8
2025-11-08 09:57:12,7
2025-11-08 10:00:58,11
2025-11-08 10:12:34,11
2025-11-08 10:23:52,12
2025-11-08 10:25:10,6
2025-11-08 10:26:33,11
2025-11-08 10:28:18,143
2025-11-08 10:39:27,158
2025-11-08 10:45:37,8
2025-11-08 10:49:20,11
2025-11-08 11:00:40,133
2025-11-08 11:02:48,6
2025-11-08 11:05:33,14
2025-11-08 11:09:30,164
2025-11-08 11:12:41,12
2025-11-08 11:18:22,14
2025-11-08 11:24:16,8
2025-11-08 11:35:15,9
2025-11-08 11:43:27,7
2025-11-08 11:45:55,157
2025-11-08 11:51:18,12
2025-11-08 12:02:23,11
2025-11-08 12:06:06,161
2025-11-08 12:16:35,15
2025-11-08 12:23:56,8
2025-11-08 12:31:17,12
2025-11-08 12:35:24,11
2025-11-08 12:45:30,5
2025-11-08 12:56:42,9
2025-11-08 13:06:03,12
2025-11-08 13:08:18,10
2025-11-08 13:10:20,8
2025-11-08 13:20:51,16
2025-11-08 13:24:34,11
2025-11-08 13:28:21,11
2025-11-08 13:30:07,145
2025-11-08 13:41:27,154
2025-11-08 13:45:56,151
2025-11-08 13:50:50,10
